q_file_name,k_file_name,q_number,k_number,mated,q_model,k_model,q_size,k_size,q_foot,k_foot,partial_type,q_points_count,k_points_count,mean,std,0.1,0.25,0.5,0.75,0.9,centroid_distance_n_clusters_10,cluster_proportion_n_clusters_10,iterations_k_n_clusters_10,wcv_ratio_n_clusters_10,centroid_distance_n_clusters_20,cluster_proportion_n_clusters_20,iterations_k_n_clusters_20,wcv_ratio_n_clusters_20,centroid_distance_n_clusters_50,cluster_proportion_n_clusters_50,iterations_k_n_clusters_50,wcv_ratio_n_clusters_50,centroid_distance_n_clusters_100,cluster_proportion_n_clusters_100,iterations_k_n_clusters_100,wcv_ratio_n_clusters_100,centroid_distance_n_clusters_500,cluster_proportion_n_clusters_500,iterations_k_n_clusters_500,wcv_ratio_n_clusters_500,centroid_distance_n_clusters_1000,cluster_proportion_n_clusters_1000,iterations_k_n_clusters_1000,wcv_ratio_n_clusters_1000,centroid_distance_n_points_per_cluster_10,cluster_proportion_n_points_per_cluster_10,iterations_k_n_points_per_cluster_10,wcv_ratio_n_points_per_cluster_10,centroid_distance_n_points_per_cluster_30,cluster_proportion_n_points_per_cluster_30,iterations_k_n_points_per_cluster_30,wcv_ratio_n_points_per_cluster_30,centroid_distance_n_points_per_cluster_100,cluster_proportion_n_points_per_cluster_100,iterations_k_n_points_per_cluster_100,wcv_ratio_n_points_per_cluster_100,centroid_distance_n_points_per_cluster_1000,cluster_proportion_n_points_per_cluster_1000,iterations_k_n_points_per_cluster_1000,wcv_ratio_n_points_per_cluster_1000,q_pct_threshold_1,k_pct_threshold_1,q_pct_threshold_2,k_pct_threshold_2,q_pct_threshold_3,k_pct_threshold_3,q_pct_threshold_5,k_pct_threshold_5,q_pct_threshold_10,k_pct_threshold_10,peak_value,MSE,SSIM,NCC,PSR,correlation_coefficient,jaccard_index_0,jaccard_index_-1,jaccard_index_-2
009_12_R_01.tiff,009_12_R_03.tiff,53,53,True,,,10.0,10.0,R,R,full,77039,74788,4.7167604104807594,12.269242289045897,0.8633209444779376,1.6877173749010819,3.0410471459286565,4.889854130331528,7.832496405853972,38.06015967665103,0.019108202211117642,6,-0.007995203031040841,81.51306510460233,0.010394137935191792,29,-0.04384127056440181,94.91631563465664,0.004683979226414006,19,-0.09507364767446544,61.40183887840659,0.0029180617077091578,20,-0.11701493798406849,35.720839463554775,0.0008348252601062651,19,-0.14134817068064287,255.0983121018633,0.0005138817209747227,16,-0.19080422952943688,907.0482155104237,0.00010481626929059582,6,-1.138139464246366,553.3345499274541,0.0002730220328829565,11,-0.47583354020718494,207.6001970750962,0.0006096082289456881,19,-0.17551961964666282,87.37680688872993,0.003979979188512447,39,-0.07671166551696923,0.18517893534443594,0.19457667005401935,0.34047690130972624,0.35892121730758947,0.523007827204403,0.5403540674974595,0.7765547320188476,0.7745226506926245,0.9305286932592582,0.8863988875220624,301260825.00000006,1414.20686093002,0.7945260130417025,0.050169787843393966,5.281874592492036,0.050169787843394126,0.027236668135742617,0.617439610511204,0.7649122807017544
002_02_L_04.tiff,002_02_L_05.tiff,3,3,True,,,9.5,9.5,L,L,full,64116,60706,2.3815921510642295,4.19201563815975,0.41847551301922653,0.7727062239823688,1.5406568116986752,2.8451673189924787,4.833140193941883,39.43068006483946,0.017869891536998073,8,-0.056602118839351255,34.24679094097427,0.010717618974783539,6,-0.07271756765456157,38.59195486307227,0.005603159087187929,12,-0.09418493714302363,23.986999894045404,0.003337863880033682,12,-0.1599714981823418,62.44781193873465,0.0008795762437183805,16,-0.22229945233049783,140.42642713988397,0.0005273255980386366,15,-0.2897280672300576,759.7144582017864,0.0001180785223121334,5,-0.7584120041184158,318.45121807485356,0.00030068369613651003,11,-0.43798706004016075,89.29868309944865,0.0007557307812195412,16,-0.2721034248503005,31.680715296889606,0.004260066104023613,9,-0.1486261882052335,0.441496662299582,0.45809310447072776,0.6430376193149916,0.6548940796626364,0.787946846341007,0.7844364642704181,0.9137344812527294,0.8973742298949033,0.9785856884397031,0.9419332520673409,762548174.9999994,1149.984703541817,0.8858449707379773,0.17903618618479514,17.26954646602587,0.17903618618482792,0.10052019044260271,0.677460538532962,0.9222222222222223
026_12_R_04.tiff,026_12_R_05.tiff,148,148,True,,,8.0,8.0,R,R,full,28069,27044,4.8013292659319955,11.479863335558862,0.7360537386271412,1.315787906508529,2.473336756584158,4.369042227341486,7.910509191239682,27.352914674651135,0.006494613178726705,3,0.005858446966259318,74.89987346526132,0.0064092241473407245,7,0.041633050552797216,77.55955416128552,0.003882734140816588,10,0.021182241529115856,55.774082846164134,0.0026053611953529184,14,-0.03384926676028548,424.1583798597437,0.0010186481486459341,13,-0.1542542433713436,503.14141525477913,0.0006213895166928764,10,-0.2710410678296208,740.0177356128232,0.0002786819856192995,6,-0.7479752228300411,471.4243477119448,0.0006570461206119228,9,-0.23191633829411096,289.0185484330696,0.0014872362578253326,15,-0.0872211962842511,53.93937370471975,0.006156968475688738,11,0.061920561590477166,0.24585842032135097,0.25214465315781687,0.42926360041326733,0.4415027362816151,0.6015176885532082,0.6175491791155154,0.8013466813922833,0.8146723857417542,0.9255406320139656,0.9395799437952965,130960350.0,519.7253248618598,0.9046670039779385,0.06908735017200249,16.957781505798927,0.06908735017200052,0.03582302747810397,0.5675540557430321,0.8333333333333334
003_03_R_02.tiff,003_03_R_03.tiff,9,9,True,,,10.5,10.5,R,R,full,145623,115989,30.64106198117013,62.924271819339005,0.7586977111235308,1.922716129517839,5.610918267492106,21.466613693075182,105.30558716168758,174.32553802693909,0.04354210676204094,9,0.13830575869388148,470.1104008333031,0.02349068510531246,10,0.06972944570988178,623.1524714446911,0.012139950785664872,32,0.033302073429888675,690.8787820108181,0.006339759731194737,30,0.016142552204836586,633.913711418519,0.0014909328580566482,28,-0.08657136765038728,715.7953072368387,0.0008418743551885938,35,-0.17135253578158519,1149.723082206969,5.8046027804317415e-05,6,-0.536794631061386,918.9032611306595,0.00021512510793307658,13,-0.6429199978287305,751.4023840016957,0.0006161890888240702,23,-0.24311086075770288,630.677316480261,0.004214814676264024,28,0.06448493841795983,0.1807887490300296,0.22768538395882368,0.27723642556464295,0.35286104716826594,0.37387637941808644,0.46779435980998196,0.48355685571647333,0.5887109984567502,0.6041971391881777,0.7286553035201614,808065674.9999994,2200.5045475206257,0.8021736701632246,0.07851168766367117,5.147401009721211,0.0785116876636704,0.041047537943603905,0.3630300434436762,0.7310344827586207
026_02_R_01.tiff,026_02_R_03.tiff,138,138,True,,,7.0,7.0,R,R,full,37515,33332,5.322903554999648,21.98044838713052,0.8069175987057259,1.5265421263748284,2.866067369703564,4.874711282113745,7.537991695516856,25.091187439891385,0.018055914261659776,4,-0.12083560908005554,228.25911060488343,0.009935070592986237,9,-0.018070171704987936,186.92354609164045,0.004590899772314631,11,0.03556811172483724,133.39376687219473,0.0026387412674401503,19,-0.00782399207508113,460.79778721082977,0.0009107750706978929,13,-0.13684763699909833,487.35718291527735,0.0005655060887260822,9,-0.1829759751117253,822.2398095947001,0.00021057886630185913,6,-0.44212399165332056,551.8228212084219,0.0005089362431552079,9,-0.2069548409137535,406.9783333735985,0.0011124636390197487,14,-0.1092845173201823,167.94804907043323,0.005000685496472753,10,-0.10405937299301489,0.20543782487005197,0.2252790111604464,0.36566706650673064,0.40645625825033,0.5420765027322404,0.5902136085443418,0.7721178195388512,0.8096123844953799,0.9436492069838731,0.9633985359414377,140193899.99999988,634.6782289579339,0.903210049619182,0.05639267216957468,11.814450359866555,0.056392672169573006,0.030143191116306253,0.6075262183837138,0.806060606060606
020_16_R_03.tiff,020_16_R_04.tiff,113,113,True,,,9.0,9.0,R,R,full,69554,68098,2.3626012782052195,2.554855345459549,0.5399699980375711,0.9459762779923442,1.678662164927625,2.942801689475625,4.805774424751709,22.50785511840902,0.005134123204193223,5,-0.00717914491423493,20.149713979831386,0.003442161073430186,6,-0.017180388369080476,39.83048344861703,0.0024349739315890824,16,0.00037594273476460304,27.92084489306987,0.0014499008010339426,20,0.0028237584436009012,141.12464247708087,0.0005861495871306046,14,-0.053709336169262795,133.80471267571068,0.000379489588940609,13,-0.0863663210542601,670.4456396844517,0.0001079072771464347,6,-0.65040472552622,262.5083524528524,0.0002374332783170233,9,-0.2602313805288557,68.49501357965015,0.0004572327231766481,14,-0.05955030994501707,28.99751002557932,0.001875613267614975,17,0.005848292553590851,0.36614716623055465,0.37240447590237596,0.5953359979296662,0.6014126699756234,0.7620266267935705,0.7632823284090575,0.9121833395635046,0.9121853798936826,0.984975702332001,0.9841551881112515,495945674.99999994,1255.1636505570932,0.7631015071507604,0.10106526161152653,10.210608085252709,0.10106526161152668,0.05865795039415497,0.6546186687366583,0.9566395663956639
014_01_R_03.tiff,014_01_R_04.tiff,77,77,True,,,8.0,8.0,R,R,full,33215,34461,4.618271720770995,13.699950888594282,0.6849939455871468,1.2251582655413282,2.3993121022989854,4.113141403699286,6.801875744525054,50.85903471705337,0.006453276085954951,8,-0.020084763697476183,61.67192680271103,0.006656915210159747,11,-0.011547948709425973,52.45817018496707,0.003830260409236861,18,-0.04000409124238855,38.5573090206373,0.0024415497271952796,15,-0.0462042820700752,314.62456365923583,0.0009224863768564609,18,-0.1607228064198105,430.71076343220767,0.0005790867253528829,10,-0.3199028328169462,605.2264348655613,0.0002314434838688471,6,-1.179555644969444,427.8519945003506,0.0005434506882875949,10,-0.42102277258381604,359.34405229425636,0.0011911148385385037,14,-0.12325123792711,70.0765938815098,0.004323270819314799,35,-0.030855968392379286,0.2490139996989312,0.24546588897594382,0.45286768026494056,0.4507704361452076,0.6224898389281951,0.6271147093816198,0.8247478548848411,0.8319839818925742,0.9517687791660394,0.9532805200081251,253662524.9999999,628.7672756060755,0.8928493011038364,0.11044379648133762,21.102918466676655,0.11044379648133489,0.037529895137057706,0.5297625274610315,0.9147540983606557
005_07_R_02.tiff,005_07_R_04.tiff,21,21,True,,,7.0,7.0,R,R,full,72106,70700,4.7169602455779645,12.59108427817454,0.7573364405905311,1.4510173571974763,2.836032843022539,4.797668118274732,7.364301103253732,40.18194320412236,0.007676449234773073,9,0.01399733000464935,75.38908295627448,0.0040170802741362165,11,-0.017411435368892825,57.03715928005317,0.002712604924634994,14,-0.006922589375004011,50.64833666403922,0.0018006626976632503,32,-0.022029327095772367,191.31196158638812,0.0007152546827423678,17,-0.057453929807608474,345.09194915952276,0.00045684260464034604,15,-0.15694608287142964,773.1879983680407,0.00010815219017421179,6,-1.0353818713434058,429.1862915421107,0.0002573853192870373,11,-0.332981100817009,284.2651650703524,0.0005826521711979117,17,-0.08874893272346059,52.32691090868512,0.002125139004554534,21,-0.016763910765623863,0.21686128754888637,0.216987270155587,0.3775830028014312,0.37906647807637905,0.5469309072754001,0.5470862800565771,0.7829445538512745,0.7906082036775106,0.9395057276786952,0.9480339462517681,295213500.0,1397.2148697927385,0.8153691052316776,0.052746474985336564,5.544732115585561,0.0527464749853413,0.03285022756380108,0.6420386007237636,0.8708133971291866
007_02_L_01.tiff,007_02_L_02.tiff,31,31,True,,,11.5,11.5,L,L,full,34051,33356,5.3198580017891235,7.13968285033025,0.9112903044465036,1.7457133694780835,3.5021777889977126,6.474858608134783,9.962858437123607,39.239300984464506,0.01165434591046684,6,-0.030102999726415107,67.70981731189372,0.006368914451288647,12,0.025633078871648826,51.233387997805394,0.004459414696446122,14,-0.0399244533441539,48.45725138152079,0.0026145936949331225,16,-0.04140658109871669,211.24010076901624,0.0009371937268464475,9,-0.14955309113771645,472.4642801455511,0.000591164830334005,10,-0.25024313998524766,821.5417444456899,0.00022792054935374706,5,-0.8324341683310902,482.2314895990646,0.0005564873520502363,8,-0.27494241194063235,148.02135960806214,0.0011783521522516897,17,-0.10268490409149314,64.07570565105507,0.005485136611631995,24,-0.010115268930486079,0.17749845819506035,0.18287564456169805,0.301782620187366,0.3133469240916177,0.4451851634313236,0.45410121117640007,0.6597750433173769,0.6717831874325458,0.9020293089777099,0.9162969180956949,155149650.0,653.3534680901441,0.8676837657953952,0.06574673377509538,13.095311858225092,0.06574673377510629,0.019973671069953243,0.40809555408095555,0.8950892857142857
026_02_R_03.tiff,026_02_R_04.tiff,138,138,True,,,7.0,7.0,R,R,full,33332,35905,5.498642199250185,47.12234503677957,0.6556038492509917,1.142978416249685,2.0958772542257913,3.3824361646045844,5.056017041243384,269.66389296334324,0.008688916045686612,5,0.03010000734145624,225.25643508451614,0.0067789562936408435,7,-0.006936083348511145,145.5209598085597,0.0038332402473921145,24,-0.08395549825291777,384.4441124113491,0.0024618342506918054,18,-0.053909437624543144,243.52913820287702,0.0008613817309120229,13,-0.14160295402894812,348.0657094556926,0.0005584910157925444,11,-0.3326768290962617,632.6391806515475,0.00022932139848643203,6,-1.2289033173483723,337.14980427077,0.0005165697336295426,9,-0.38234462052297424,218.46793453711237,0.0011354713945465873,15,-0.12339030470869554,177.22653985666827,0.005494187375953677,15,-0.039734282188151185,0.2926917076683067,0.26372371535997774,0.5094203768150726,0.47659100403843474,0.7131285251410057,0.6792925776354268,0.9039661586463459,0.8813535719259156,0.9753090123604944,0.9675254142877037,252492074.99999988,501.0225679768007,0.9269510809290425,0.1087960481407844,25.965433200357353,0.10879604814083041,0.03947189944386671,0.671622326551904,0.7454545454545455
025_07_R_01.tiff,025_07_R_02.tiff,135,135,True,,,8.0,8.0,R,R,full,15118,14585,7.895485311104407,14.246326469283153,0.8751726411643399,1.7419337405385125,3.519437951374559,6.362625384257405,19.432270711435205,76.19345824077782,0.01661324989731196,6,0.04288248822377268,78.89576821751652,0.010648272863575179,14,0.07378352132244215,46.77960185222485,0.007583364093105169,15,-0.03834021985710189,114.17595977610317,0.004307146258986465,12,0.004934203695888695,592.1714290673787,0.0013182744343742045,11,-0.2717587380426192,645.5074615810199,0.0007950769076984879,8,-0.6501715898683893,810.9023239932634,0.0005201385613954548,5,-0.8119578767599284,578.7568573551184,0.001306293212012091,11,-0.26785458170183285,297.69236483557484,0.0030065071327272674,12,-0.01501018458812084,97.45377644576358,0.016306719065173968,16,0.04297474548344732,0.1725757375314195,0.17943092218032225,0.30592670988225956,0.31025025711347276,0.4454292895885699,0.4592389441206719,0.6705252017462627,0.6943435035995886,0.8356925519248578,0.8793280767912238,55336274.999999985,287.3919046208096,0.942682462156579,0.055101087052476176,24.454059505809813,0.05510108705247595,0.025021570319240724,0.4268070459607208,0.831858407079646
021_08_R_02.tiff,021_08_R_05.tiff,124,124,True,,,9.5,9.5,R,R,full,26865,26544,4.33122078218817,8.062916198057788,0.6601559613910672,1.2618167591596556,2.379775035598728,4.3445648882674375,8.364267336633434,60.30628932059912,0.009016124661127318,13,-0.002458050370249532,41.41885170436742,0.0067929452540297025,8,0.004261155126867327,37.90161297800935,0.004169053294036846,11,-0.01297379688555045,43.59926569481153,0.002421946734313498,9,-0.03837022655730475,281.2749203699047,0.0010909203977104184,9,-0.20057187773172946,399.4363338485826,0.0006960580118764082,8,-0.34503004488333705,855.5743713638528,0.00030182290178598143,5,-0.9859411361037076,391.032926474445,0.0007540990557048722,10,-0.3132624284192129,95.26137132779166,0.0014855622084645307,9,-0.10311793165682144,55.82497318522461,0.005251148291668195,12,-0.029035964320575525,0.26391215335938956,0.26785714285714285,0.4559836218127675,0.4650015069318867,0.6181648985669086,0.6349834237492465,0.7976177182207334,0.8200346594333936,0.9222780569514237,0.9438291139240507,140844149.9999999,505.09715054202576,0.9183199391184604,0.07721876158295125,19.192265988495286,0.07721876158296223,0.0422733127756743,0.5134761575673807,0.8854748603351955
025_06_L_02.tiff,025_06_L_05.tiff,134,134,True,,,7.5,7.5,L,L,full,22109,20569,7.55044953212913,21.714254909867037,0.8004898415392203,1.4432923093196266,2.7009096116650912,4.902876160356461,12.887676106812618,66.90924586724286,0.011003517482060046,11,-0.0480160083115846,91.1597457505348,0.011485615230190597,7,-0.010361318897496169,61.923585029648,0.005018545777173277,11,-0.05156704934203194,307.9039573083426,0.0034633216797211263,20,-0.0465030842078683,488.3244113629058,0.0011822246593109515,9,-0.21185640564865132,546.4092998257532,0.0007186043386275213,8,-0.3258509846755147,757.898168111298,0.000361363903172589,5,-0.5626259818249231,535.9318379807155,0.0009257823942843386,8,-0.23203706625105236,359.8329575579665,0.0019985951550971345,17,-0.12295683522186793,87.77857903589988,0.010377024764743982,7,-0.018203775813226134,0.21122619747614094,0.22840196412076424,0.38997693247093945,0.41829938256599736,0.5647926183907006,0.6022169283873791,0.7592835496856484,0.796392629685449,0.8732642815143155,0.9089406388254169,101504025.0,409.5674264356156,0.9159268717250348,0.07004245377251367,21.556981305091462,0.07004245377251836,0.02950186949704499,0.464719221021742,0.8700361010830325
005_09_L_03.tiff,005_09_L_04.tiff,23,23,True,,,8.0,8.0,L,L,full,57145,54003,3.739374741391693,6.511432275273064,0.7248684592259151,1.2939097836313633,2.400935792885512,3.9266753729567614,6.301563676191765,41.816842752048245,0.011165838836297176,11,0.012517402881763038,94.53076698342267,0.009146370393150634,26,0.06296519963553271,51.19033148452787,0.0038643949149515973,25,0.02180616123571896,30.698900874918856,0.002353154336416622,13,-0.04658337564554885,279.0766940865566,0.0007715033120917421,14,-0.050937340690348075,419.8651885205529,0.0004874987705436715,13,-0.07709278668588364,696.3387840271597,0.00012879216853147642,5,-0.3857174505548057,410.2908445293177,0.0003158726661717039,9,-0.10244527067288824,280.07638080257414,0.0006846195989425787,13,-0.05881582123159709,29.226843219852476,0.0035691984939455767,10,0.012323131941061669,0.24999562516405635,0.26404088661741015,0.44399335024936565,0.4706590374608818,0.6353836731122583,0.6771475658759698,0.8483506868492432,0.8966168546191878,0.949899378773296,0.9836860915134344,382346999.9999999,950.0695890592209,0.8563843063517979,0.09848915234777615,12.961485786354157,0.09848915234778537,0.035815136857997594,0.5774710267956005,0.9241573033707865
014_01_L_01.tiff,014_01_L_02.tiff,77,77,True,,,8.0,8.0,L,L,full,31346,35744,6.139668186377003,15.267410607536464,0.7957278654793396,1.4845826459870692,2.9061777935367368,5.1583116962432545,8.961484862705255,146.1343931687194,0.021484222832442123,20,-0.04399534340242054,92.71954469282473,0.011912058806943359,18,-0.09278591704894566,92.76567106587336,0.005862903034614055,27,-0.025611233593737535,67.05960904879755,0.0032546594593371382,23,-0.10330675623236754,228.63190588194155,0.0011288260974265463,21,-0.41840396751323056,289.50151573191835,0.0007256074288080671,15,-0.8891733790780254,561.1720424111892,0.00026607609770200205,5,-2.363122507366143,303.2083745388361,0.0007309842442465988,11,-0.9424562767597819,274.2288782152147,0.0016999139970779848,16,-0.2760164489102234,101.63009613115246,0.0062573330944469055,31,-0.04249447590933033,0.2129458304089836,0.18979409131602507,0.37140304983091943,0.3350772157564906,0.5318381930708862,0.4848366159355416,0.7485484591335417,0.6892065801253358,0.9174695335928029,0.8637533572068039,151313175.0,619.8708035222895,0.8880576915789673,0.06481746847266999,13.615751952397925,0.06481746847266799,0.027965698682252595,0.43709317011561255,0.8606811145510835
012_07_R_02.tiff,012_07_R_03.tiff,70,70,True,,,7.5,7.5,R,R,full,38048,37516,5.517361026291743,12.660775785431087,0.6843261874938116,1.2456395241759775,2.401447075728388,4.457316454314497,8.944072817871826,30.027227258830774,0.00985708401467452,4,0.013917662638868027,33.27341376532537,0.007212909583455754,6,0.035643164489691896,36.14147948624989,0.00381594138433943,7,0.04216632947987072,43.16113509412289,0.0025685919604769717,19,0.059517910752260365,334.29321070847493,0.0008581554270323097,11,-0.026018716988682005,420.87823681037327,0.0005573304179706976,10,-0.12080402664538355,783.9305893707326,0.0002017243582466999,5,-0.6586347811726327,464.32169227896003,0.0004757403987254788,8,-0.1845753557899173,270.94122578748636,0.0009625443609408859,11,0.004500310748919107,39.41867547056735,0.004706652420434023,9,0.05202820544342976,0.26022392767031116,0.2669527668194904,0.44806560134566864,0.46089668408145856,0.6104657275021026,0.6357021004371468,0.7927354920100925,0.8411077940078899,0.9109545836837679,0.961962895831112,201707550.0,689.8344996099665,0.8811630196692177,0.07677066379627547,14.208338111349235,0.07677066379626597,0.037739476756162876,0.5437087990828318,0.8513119533527697
024_01_L_03.tiff,024_01_L_05.tiff,128,128,True,,,10.5,10.5,L,L,full,44368,43541,5.905353057534222,18.75316251619135,0.8331889075477581,1.5547426775221618,2.848782748689393,4.771820947101082,8.308065293020777,31.20527483155104,0.008632954042682234,3,0.026028197199758886,45.53639701390858,0.006242167833814316,10,0.05820425930163057,55.724797673795905,0.0034762266900949896,13,0.03224763397398164,44.50809852889021,0.0026516958957402362,11,0.03044344974933486,306.7985821501361,0.0008253137229043603,12,-0.08264707846611138,497.9817126855791,0.0005321800319417042,11,-0.10670632532345882,914.132711946488,0.00017263585114996225,5,-0.7358919635341421,541.5372213877041,0.0004050340863095503,9,-0.18906446189906764,285.3010747571036,0.0009197488917245575,12,-0.06512851361585087,54.00276005520278,0.003815601124274855,7,0.040622437845860684,0.19750721240533717,0.20171792103993938,0.3600342589253516,0.3719023449162858,0.5423954201226109,0.5594037803449622,0.7782410746483952,0.809604740359661,0.9246078254597908,0.9650903745894674,190263149.99999994,815.579982258068,0.8552049335239115,0.060341207700526096,9.92069511517999,0.06034120770053161,0.028235156341491978,0.5487382084979441,0.8426666666666667
026_06_L_01.tiff,026_06_L_03.tiff,142,142,True,,,7.5,7.5,L,L,full,15610,18820,5.577416107676853,9.830870579967213,0.7230273401179101,1.3199239883963307,2.5542094730648692,4.878265836209522,12.945837482746704,66.63994295887514,0.027510971219355,17,0.010569882309567452,72.29115724728612,0.014179667914968283,14,-0.052129130352160755,60.4687054304997,0.00653138440225025,10,-0.1364725214581566,70.11503979571461,0.004866880291794138,18,-0.19843433449937262,335.2670710595913,0.0014751276798992293,10,-0.8119542559648202,604.4909336746024,0.000846867846429326,8,-2.1656224498326457,864.2338622494315,0.0005594003759534592,6,-4.40981952273394,392.479063066368,0.0014278646201311095,8,-0.8575182375829967,178.4584004897841,0.003595464545397295,14,-0.3224647940945178,52.10131639902601,0.016338006687218704,8,-0.003419766682037422,0.2435618193465727,0.19994686503719447,0.42517616912235745,0.3479277364505845,0.5850736707238949,0.488788522848034,0.7625240230621396,0.6502656748140276,0.8780909673286355,0.7637619553666313,91815299.99999996,348.9239856367819,0.934973384698299,0.0797229065099141,28.31491724331153,0.07972290650989976,0.03205205085152315,0.37240143369175627,0.8237410071942446
009_04_L_02.tiff,009_04_L_03.tiff,45,45,True,,,10.0,10.0,L,L,full,38467,39193,2.664429369409869,5.275633313981909,0.5427038090652072,0.9451317578539868,1.6454022473674321,2.8304800008613804,4.554543770594444,34.89185405455045,0.007865846907952083,7,-0.049671413132801774,27.012515010160282,0.0038333696500061423,5,-0.012462837821018518,43.97829733506027,0.0039136158951198945,22,0.024686273810451822,169.62531265409052,0.002005700039888863,13,0.008217955085694664,195.048443355866,0.0007472493754190656,10,-0.0875158568278353,311.0137082548174,0.0005040256999685985,10,-0.2312462621279625,696.0090256831668,0.00019090588043453818,5,-0.9072505355840742,302.3628513263308,0.0004381311552783343,10,-0.2529476147626318,255.54796602425117,0.0008545393622748939,10,-0.08456157573626605,34.64690309721482,0.00320374164956653,10,-0.0006551220016949887,0.3716172303532898,0.3629474651085653,0.6095354459666728,0.5978873778480851,0.781137078534848,0.7704437016814227,0.9189435100215769,0.9139387135457863,0.9701822341227546,0.9732095016967316,273820274.99999976,722.3392158715739,0.8729900248919514,0.10286574616086343,17.409316290804128,0.10286574616087028,0.056485184882866704,0.6634114583333334,0.9016393442622951
020_01_L_01.tiff,020_01_L_02.tiff,98,98,True,,,8.5,8.5,L,L,full,39610,39266,3.6492366037519326,4.603094833033158,0.7103489331051991,1.2826514792663275,2.409682205099471,4.103976628679282,7.23371371724152,73.82830028698841,0.009338478489547414,16,-0.0011555501442090457,81.83154992622681,0.00416044250230957,14,0.01338516221971566,39.646137821812786,0.004206467511676826,10,-0.01560842712809202,37.381556741201,0.0021081601810795793,16,0.007980114873937624,49.104182392700025,0.0008469067879115455,15,-0.1134561290830639,352.60944058348025,0.0005382254618582059,10,-0.24058995751238005,746.1933918055906,0.00020064945779689413,6,-1.029251794566493,393.94511642565243,0.0004537168607814721,9,-0.3402508979863801,23.095806953571863,0.0010347351746402278,15,-0.10913327525554364,47.58712146182165,0.0037705210037273706,12,-0.01575715240411955,0.2461752082807372,0.2449192685784139,0.4364301943953547,0.4350328528497937,0.6218631658672052,0.6180665206540009,0.8227467811158798,0.8227474150664698,0.9402928553395608,0.940202719910355,208210049.9999999,739.4372080869335,0.845317068035049,0.07548588784827638,13.122759470118611,0.07548588784828798,0.036717147815112795,0.5346376811594203,0.923728813559322
005_09_L_01.tiff,005_09_L_04.tiff,23,23,True,,,8.0,8.0,L,L,full,59328,54003,5.348393050673746,11.647214620785201,0.6734452299543371,1.2121141375922717,2.3550298977065367,4.37593600662318,8.931465397222793,43.09226507053541,0.010959898029253365,5,0.0372450589010987,51.87704433662209,0.007776334860071938,13,0.033845415919006375,54.650223640982944,0.004227861631835385,18,0.051902659611726645,48.60046322006161,0.00238150718224066,35,0.024591773396184142,390.8491935726662,0.0008284037185544629,13,-0.01700282598442267,515.629032923448,0.0005067415654868846,9,-0.07323907495084744,769.1962730315539,0.00012560721686138905,5,-0.30329561560013324,533.6531139202776,0.0003110041176358788,10,-0.11870300474306922,443.30517712445123,0.0007394091850386007,12,-0.03957026418224006,44.89567383872876,0.0038206472605580182,16,0.04423813679932331,0.2676813646170442,0.2935392478195656,0.45738942826321466,0.5020461826194841,0.6199602211434736,0.6769438734885099,0.7951388888888888,0.860415162120623,0.9113572006472492,0.9738347869562802,354711375.00000024,1005.8502361358004,0.8387309308318055,0.08858249027830037,11.273355711455048,0.08858249027828406,0.043064094540367415,0.5448571428571428,0.8879781420765027
012_04_L_02.tiff,012_04_L_05.tiff,67,67,True,,,8.0,8.0,L,L,full,22135,23138,4.851604242960788,9.38038387705197,0.705667243279489,1.2916754625976234,2.640391305419842,5.227086898582855,9.602209790568832,48.83264797494575,0.01199447677402978,7,-0.04113547940692677,53.77737044174864,0.006489917469902635,9,-0.04633786547133709,63.01506007436461,0.005188626537195278,13,-0.06731216100596375,47.228500803104104,0.0027771953724532107,19,-0.06747543182165047,243.5689157691424,0.001044340674543063,10,-0.26886188475655226,499.9014544918638,0.0006577257879554321,10,-0.5290502581315286,717.0534576423044,0.0003482479392315778,6,-1.3618057571900706,447.0220714998026,0.0008150426401857795,9,-0.48417984618521964,43.245259430048115,0.0017084196246546686,13,-0.11319451751414283,47.65352886812846,0.006679472604951951,12,-0.06580277027016714,0.25114072735486787,0.2373584579479644,0.4178902191100068,0.3990837583196473,0.5625931782245313,0.5400207450946495,0.7439801219787666,0.721540323277725,0.9090128755364807,0.8906560636182903,109307025.0,440.95257232060084,0.9057892785151488,0.07088310803152285,20.286751452810975,0.07088310803153179,0.03606985100588195,0.4208758109360519,0.919889502762431
004_07_L_01.tiff,004_07_L_04.tiff,14,14,True,,,9.5,9.5,L,L,full,33918,40660,5.199083729982523,9.669544481784182,0.6100366905057407,1.2946891326926533,2.5108567664988057,5.511077224260295,10.616856493533755,89.07613974828773,0.029671034523778082,10,-0.2054754475341633,87.63592951639463,0.01679563938900547,13,-0.26299082281705977,70.69354036147462,0.008151277973500255,18,-0.4623533795079144,138.31686536588728,0.004662201605958521,12,-0.6477141442992019,380.0227451762816,0.0016030639821828455,13,-1.66924368133309,515.0492655691546,0.000832987935128189,13,-2.039739369003277,876.2222984880773,0.0002765510566226506,8,-5.927652283631811,535.2614376109264,0.0007633219809782722,16,-2.29200402668723,282.0910787077087,0.002021119449963288,15,-1.1831297805213152,58.81731738492473,0.013349282405983483,9,-0.534063188543126,0.2612771979479922,0.215002459419577,0.4326906067574739,0.3573782587309395,0.5943157025768029,0.488662075750123,0.7343003714841677,0.6094441711756026,0.8909428621970635,0.7626168224299066,237081149.99999982,809.7636529945119,0.9098683449013196,0.09196065920697986,14.286890778062643,0.0919606592069844,0.04386235089880719,0.4425752183759301,0.7479674796747967
009_10_R_02.tiff,009_10_R_05.tiff,51,51,True,,,10.0,10.0,R,R,full,40112,39633,2.5456864418671143,5.309825414168447,0.5182131720367068,0.9118218331037022,1.5671178899497982,2.6754184060692277,4.327287521891726,35.291903949229535,0.010330943176183003,6,-0.04827527496582909,29.80795405262977,0.006580142539360133,8,-0.035827267274464177,42.80763474881045,0.003527115893276569,12,-0.07165082243982351,41.11955967330695,0.002302371222213411,16,-0.08105477369622265,164.678181363823,0.0007807785146734894,8,-0.15579688269884004,175.37237757081152,0.0005131912918793783,11,-0.23058080103396456,723.3459282838661,0.00018688753204531495,6,-0.5634598690418141,249.51526354296055,0.0004265031928466145,9,-0.28526439888707333,158.96423509004407,0.0008837705336488233,13,-0.13185836862816178,62.65004532420803,0.004045689631222848,13,-0.047139711691625716,0.39314918228958917,0.3960083768576691,0.6352961707219784,0.6383316932858981,0.8012066214599123,0.799939444402392,0.9271041084962106,0.9218580475866072,0.9762664539289988,0.974188176519567,304772175.0,652.4790174191783,0.8916740810290406,0.11250758152388912,20.676451615734322,0.11250758152388257,0.062445874468737096,0.6690867405426061,0.8901098901098901
020_15_L_01.tiff,020_15_L_02.tiff,112,112,True,,,10.0,10.0,L,L,full,39538,39589,2.468675879671399,3.9869913688390817,0.5121167733552153,0.8936827183617174,1.578704920165804,2.761337755424938,4.731495390511083,27.22468023334245,0.007270823471565425,5,0.0060545309217836145,49.301973421459664,0.00410629887155574,17,0.017441196439705483,43.33004434634676,0.0029497413418619694,12,0.017251240690303524,37.45246248906442,0.0025399597859038408,24,0.03440386120250369,181.62148171361204,0.0007638270386477928,10,-0.06945163494515258,338.33586280247465,0.0005198621220622474,8,-0.14210819143891476,703.7542701426528,0.00019234740707955463,5,-0.7606563038242076,351.8937859228542,0.00044222533966838996,11,-0.23274523727718627,58.86038593648282,0.0008823692793470645,14,-0.051211770905797586,39.856648242194524,0.0025540499404677194,10,-0.0015781288434834105,0.39979260458293286,0.39662532521660054,0.6310384946127776,0.6267650104827098,0.7868126865294147,0.7844603298896158,0.9107946785371035,0.9145217105761702,0.9739491122464464,0.9767612215514411,319727924.9999999,708.4103552120225,0.881986943406066,0.11880150500808778,19.980231061761213,0.11880150500811004,0.06625880957835303,0.6436673853942064,0.9192708333333334
017_02_L_03.tiff,017_02_L_05.tiff,86,86,True,,,5.0,5.0,L,L,full,30698,31134,6.687225636282376,12.039685588721596,1.1677834951128776,2.4081544552061804,4.593647533347221,7.8098702913049864,11.670115463396554,86.59842227580316,0.010106755926146484,7,-0.054853201265437794,63.73624160135614,0.006885520762578839,10,-0.059400386250274564,115.76100160836121,0.004988029020947384,12,-0.0316018192830376,113.03168814158583,0.0038211525989916254,13,-0.04985707669248113,176.93183584119444,0.0011211790716992762,18,-0.205199323072957,383.30209207010574,0.0007205024790319786,11,-0.5290036659311108,713.9061547415006,0.00026900092829812737,6,-1.5038017946982591,388.41995956882363,0.0007172165332830708,10,-0.5517860381594284,168.2775593126318,0.0014030083034897707,16,-0.08758673900893137,65.62699608663596,0.006845288227805145,14,-0.07122931393412373,0.11564271288031794,0.11084345088970257,0.2148022672486807,0.20813258816727692,0.3405759332855561,0.3234084923235048,0.5537168545182096,0.5192715359414145,0.8565053097921689,0.8061925868825078,104755274.99999997,620.3159283280203,0.8936795958409179,0.04734319963711509,10.360938817929771,0.04734319963711293,0.015912677538137823,0.35294779477947796,0.8138528138528138
020_15_R_02.tiff,020_15_R_05.tiff,112,112,True,,,10.0,10.0,R,R,full,38372,39116,4.085862334279523,10.440419424922224,0.6176205276736325,1.1067171587356224,2.1254942799773726,3.8268265984509844,6.638986398731881,22.37721625491472,0.0072836575411468225,4,-0.002490751933130654,84.49756833788865,0.00600146999675897,22,0.018932819668747033,48.154174869366706,0.003190089402216851,19,0.005887449533493026,56.77525098608044,0.0021300043837770106,12,-0.03351261855785586,431.45020359799884,0.00075971048343825,13,-0.1522018315731698,501.5079743599484,0.0005170938360826591,10,-0.26059586612417407,705.4935198301441,0.00020215528391237894,6,-0.9580901859491352,493.4390883740499,0.0004428092766703513,9,-0.29299507202917896,316.684328561748,0.0009237944595503032,11,-0.10599188180439834,38.608314088796966,0.003673414543210648,16,-0.0010995407369897357,0.3017304284374023,0.2990592085080274,0.4990878765766705,0.5025309336332958,0.6683258626081517,0.6727426117189896,0.8411080996559992,0.8492944063810206,0.9564526217033253,0.9625217302382657,223295850.0,755.3228243986399,0.8714393971663442,0.08286143569151036,13.919043189952431,0.08286143569151382,0.045081524673361406,0.5691206168533137,0.881578947368421
011_04_R_02.tiff,011_04_R_04.tiff,60,60,True,,,10.0,10.0,R,R,full,24483,24182,7.983420035387057,25.354694100630564,0.6301060434689585,1.1314544672070905,2.196525711288518,4.40532703637505,15.80994706829736,57.016277254679814,0.021849952287074693,8,0.0736877055103181,90.1514831277,0.013714096809202705,9,0.045138417676414924,62.36996133370304,0.006675390803657944,8,-0.03565602973149662,52.87021832528149,0.004220472073733768,10,-0.07471723270065489,496.09257495074417,0.0012126949462302134,9,-0.23567604182198013,650.0429166662373,0.0007193291919482769,7,-0.4625399773212041,901.6892782928211,0.0003283816821355989,5,-0.9036129021411261,640.3613349597432,0.0008439818537400207,8,-0.4115105985138729,171.25870043472662,0.002152802903847373,12,-0.1262130022249335,81.5052019374082,0.011194703856974445,8,0.03252718068204308,0.2964505983743822,0.2978661814572823,0.4883388473634767,0.4992969977669341,0.6423640893681329,0.6651641716979572,0.7825021443450557,0.824414854023654,0.8631703631090961,0.9261434124555454,139543649.99999994,438.0736601039103,0.9254230585254777,0.08486303833953952,23.885675592413545,0.08486303833955183,0.045145902273410976,0.5226670591698558,0.8327759197324415
018_02_R_02.tiff,018_02_R_04.tiff,92,92,True,,,9.0,9.0,R,R,full,33829,34374,5.145077667914648,10.942337394620377,0.7523028747037962,1.3986539418254902,2.603584111930465,4.299126063246033,8.205698381727531,59.43831859265578,0.013521053969852688,11,0.03503365183525953,90.97049627487553,0.013317800891684092,17,0.07097691287920643,54.456491488394555,0.003928397060517562,20,0.04856064416546791,154.02819761085078,0.002979502075733119,34,0.02011929774432931,401.13545906152444,0.0008767229798992747,14,-0.035323038348502485,423.6569890699309,0.0005930674968193381,10,-0.17421768450916672,656.1340811211878,0.00023042272321424732,6,-0.8896907201541037,454.05793707971617,0.0005453737760604604,9,-0.2471731256244093,321.3848075393462,0.0011548802197020413,15,0.009149023646808108,68.60662263886384,0.007685785744645631,9,0.027752550445832257,0.22312217328327766,0.2173445045674056,0.4039138017677141,0.40018618723453775,0.5935735611457625,0.5898062489090592,0.8088917792426616,0.8104963053470646,0.9196842945401874,0.9204049572351196,178883774.99999997,656.6773625771085,0.8728918383887592,0.0756034325135557,14.689546657680731,0.07560343251356716,0.032021307183607996,0.5303662494204914,0.8019169329073482
021_08_R_04.tiff,021_08_R_05.tiff,124,124,True,,,9.5,9.5,R,R,full,26568,26544,3.662518713964889,9.271671208414508,0.5557900608204406,1.0199809839125904,1.927685488092802,3.501532883007971,6.724730847144039,40.90291571059971,0.010018480133573576,5,0.020142142128702776,61.03751741822765,0.00918312579804085,15,0.03889736000669419,74.27387597728851,0.004838632817107607,16,-0.019447798201844453,61.790356254124944,0.00287586221042112,12,-0.051530861302350926,282.04663934247446,0.0010804643624177492,10,-0.1521204089530007,492.4435273633258,0.0006813347857844988,8,-0.3560722774878395,860.5363751185308,0.0003019214052450218,5,-0.9751641054518756,448.93858333959963,0.0007423357565715128,9,-0.303127877661012,161.25359753725826,0.0015114769820490305,11,-0.06308935724167024,65.97122517654692,0.004888762365632174,17,0.016133609950365755,0.3428560674495634,0.3374773960216998,0.547877145438121,0.5450195901145268,0.7069783197831978,0.698048523206751,0.8541478470340259,0.8506630500301386,0.9432023486901535,0.9378390596745028,180834524.99999988,457.2225295230987,0.9264454213051735,0.10133284447669913,26.69889385687948,0.1013328444766816,0.055332272184639875,0.5457896229089878,0.8551532033426184
026_02_L_02.tiff,026_02_L_05.tiff,138,138,True,,,7.0,7.0,L,L,full,36007,36250,4.3593712571280125,10.180037348721692,0.7939027656541447,1.481552801547278,2.7988407829549176,4.810051566091801,7.808349525129656,17.078932228754343,0.0031524363880076297,3,-0.024507888290875378,47.61936260702581,0.004529918441158109,7,-0.04098093826879386,35.19999187682193,0.0032679447326225165,10,-0.049379197064662164,84.51227342863112,0.002259189517251011,38,0.023578685982472192,144.519734928351,0.0007986590066574569,11,-0.14245107202499388,365.34736141769463,0.0005334084325932149,11,-0.23451637007706383,807.3184111969023,0.00021138033833601944,5,-0.8949590801798858,437.48017299630106,0.0004742219097011011,11,-0.2872007331732687,94.36966399064342,0.0009602888829552658,15,-0.0961690375723366,39.52527977694265,0.004242609989486088,15,-0.05360605042641124,0.21062571166717584,0.20924137931034484,0.3789818646374316,0.38482758620689655,0.553170216902269,0.568,0.7770433526814231,0.7940137931034483,0.9428722192906934,0.950951724137931,149622525.0,755.1892997804752,0.8828206173456711,0.05786590319941269,10.272319192139712,0.05786590319941438,0.029545908041389925,0.589728453364817,0.8125
008_03_R_02.tiff,008_03_R_04.tiff,38,38,True,,,10.0,10.0,R,R,full,71855,92615,2.842362965648652,4.778401208459271,0.5281750164046133,0.9776577523030046,1.7650876624473861,3.110568336226244,5.185266808069381,82.81249305583364,0.035458466541485864,14,-0.03335278308148544,96.9176242963697,0.01561956419612011,23,-0.009514325741941722,79.92919987597315,0.007605622136483691,31,-0.08650382019123615,59.508833848448816,0.004312338231336387,29,-0.12400324364880508,133.28248154413217,0.0012420419518448412,25,-0.3172766049796438,174.29696116879498,0.0006899328510494428,25,-0.44570786252731653,648.3871414647862,0.00012537863150801636,9,-3.8296797587409266,335.78591513703975,0.000346003623190362,18,-0.916200933920664,158.85863263721458,0.000915127726770575,29,-0.40757164321990186,68.86328139904884,0.0059517355458387515,38,-0.10698848758986611,0.3629531695776216,0.28911083517788694,0.5757288984760977,0.4819737623495114,0.7457379444715051,0.6459212870485342,0.8979472548883167,0.8013388759920099,0.9642335258506715,0.8895751228202775,538407000.0000001,1486.757250756875,0.7924790284977391,0.09003678998162605,8.049003509861608,0.0900367899816109,0.05250931152325001,0.6176929540271276,0.8245614035087719
020_15_R_02.tiff,020_15_R_04.tiff,112,112,True,,,10.0,10.0,R,R,full,38372,38978,3.4063270138217723,7.742142047613914,0.5566221722226774,1.0087610908577371,1.8710154162935626,3.2764432397832763,5.715908387482296,29.903787180909234,0.0073494664082290745,7,0.037718639359648684,32.62872502978559,0.0065872279650693085,9,0.021414222770865673,25.994985406512903,0.0036453861580310314,10,0.0038563683636565816,178.08072520416434,0.0025030744547032595,17,0.018307186614081778,390.383836179117,0.000834627851946064,12,-0.15260268577474942,432.06045233154987,0.000530810107094886,10,-0.2352281634312198,709.3520995935014,0.00020056848753413558,6,-0.9778685051041366,480.4245507962363,0.00045732360977382246,9,-0.29367231693279194,249.0741332281701,0.0009938499470217477,13,-0.07998926944430527,41.74847364565301,0.004337920857790816,16,0.027752228562848865,0.3405087042635255,0.3330853301862589,0.5607474199937454,0.5542870337113244,0.7243563014698218,0.7170198573554313,0.8791045554049828,0.8786238390887167,0.9587459605962682,0.9624146954692391,260490149.99999988,743.9751559459179,0.8747419783060223,0.09785898039073332,16.23631016065419,0.09785898039075384,0.05463720676486634,0.5936206247647723,0.900804289544236
018_02_L_02.tiff,018_02_L_05.tiff,92,92,True,,,9.0,9.0,L,L,full,33500,41869,5.257334786167623,8.927774106885522,0.9093435867139903,1.779263571320849,3.3466495641828184,5.388785632252597,8.449130334702017,57.9958374029241,0.012789448502804442,7,0.054786875564127216,92.44807263404861,0.009460890379505472,15,-0.025530790498073826,60.73924868072362,0.004699864969953395,14,-0.09971457375566606,161.69761881047282,0.0029314153914090082,21,-0.11442457824426915,225.47675328803285,0.0010394260355940381,17,-0.33367739612455544,344.1680213922741,0.0006299974599570528,12,-0.5984479319729684,650.159909007952,0.00024828112538230696,8,-2.8032940590160487,341.54121962372596,0.0005684596462363493,13,-0.6245124160907299,179.6344554327635,0.0013282878186026824,18,-0.3252082250789734,93.71576191368949,0.0059828904870806235,15,-0.06339445054482389,0.16644776119402985,0.13494470849554563,0.307044776119403,0.2539348921636533,0.4657910447761194,0.389548353196876,0.7297611940298507,0.6212472234827677,0.9255522388059702,0.8350808474050013,137787975.0,696.6425384469337,0.8693466407096577,0.05125129380880278,10.033662254970338,0.05125129380880679,0.020854223691698964,0.46438309475119294,0.7770897832817337
020_12_L_02.tiff,020_12_L_04.tiff,109,109,True,,,10.0,10.0,L,L,full,38085,37848,3.2204380542806805,8.071793221016067,0.5353618946847274,0.9224490994218612,1.6070716914760916,2.790118485384573,4.866225839646135,43.33376609841468,0.010701022993493023,7,0.026705981340389567,37.28089110608836,0.005620978475755765,7,-0.022592378651185227,34.12603211841065,0.0031337367720820366,8,-0.009157528873786474,33.07579319247671,0.002091873376812556,12,-0.011570135881914429,301.1559401942758,0.0007900584477422796,9,-0.09145815941681393,414.8634517697647,0.0005256509002572799,9,-0.1984584428428031,760.8012274960171,0.0001929201045279996,6,-0.7306383701157556,459.31145006708687,0.000451959807453292,8,-0.2430435217947245,450.0956585625054,0.0009495361379805282,11,-0.09003981783584207,28.83840941159314,0.0035914477805368277,9,-0.033487333740591756,0.3795194958645136,0.3804428239272881,0.6180648549297624,0.6225428027901078,0.7840882237101221,0.789711477488903,0.9057634239201785,0.9170365673219193,0.9587239070500196,0.9742919044599451,275510925.00000006,722.8500778719932,0.8665928072908149,0.10601751735875567,17.839139341702843,0.1060175173587664,0.05908856309894126,0.6443294447855451,0.9121212121212121
025_07_R_04.tiff,025_07_R_05.tiff,135,135,True,,,8.0,8.0,R,R,full,14604,15110,7.9065766517277405,31.966989964193186,0.817468274266206,1.5496354273341915,3.0648439049565726,5.636792609351594,11.026314172695589,65.42796714399894,0.024201222079562146,8,-0.2550870190478763,123.02459767913359,0.016829570106266185,10,-0.2480683827964789,75.94372639511788,0.008665654141209766,9,-0.43845306453276506,73.65685798497287,0.004849034607799773,10,-0.2840929352423042,628.405149009965,0.0015275670841200712,12,-1.1841871920745066,654.8929125618206,0.0008165329223901741,8,-1.7657123586772117,796.2293289372806,0.0005460398510565311,6,-2.272877794683664,623.8717736355361,0.001666969248109913,11,-1.325252314474817,308.3579199031676,0.0038215510080262336,11,-0.38072800564248727,199.4641446784159,0.020481249258044495,18,-0.12383157074907251,0.1988496302382909,0.18762409000661814,0.35120514927417146,0.3317008603573792,0.5058887975897014,0.4751819986763733,0.7165160230073953,0.6557908669755129,0.8844837030950424,0.8074784910655195,58587524.99999998,274.1031706787027,0.9466373234748878,0.05857968486130243,27.051819191817604,0.05857968486131159,0.028255826032757368,0.41253317003470097,0.78125
009_12_R_04.tiff,009_12_R_05.tiff,53,53,True,,,10.0,10.0,R,R,full,74218,75114,3.007774094122571,5.392261053805224,0.5816572205782174,1.0811996886725672,2.005161415162922,3.3041099062667367,5.2514509416879935,44.91161176715858,0.014608940393989574,13,-0.021184438811334253,41.001424840937595,0.006396384541168948,13,-0.03599087282381704,49.62884348554025,0.004380167363340922,28,-0.006646467182715498,32.82788604418192,0.0021749399384105228,17,-0.0572853687474372,131.89216024827653,0.0006790844546256931,16,-0.059926873899734834,216.75581051787637,0.00044030761586621254,15,-0.12941542274447074,766.0174821080594,0.00010642248424506419,6,-0.9219159409969887,330.96558831039914,0.0002555527675148375,12,-0.29004742709164044,194.84773762868136,0.0005448802459911401,18,-0.08626072723176724,46.76240605372213,0.0024906727532555428,22,-0.0371035935006753,0.32132366811285673,0.31958090369305325,0.5389662885014417,0.5396996565220864,0.7235980489908108,0.7267087360545305,0.8942035624781051,0.8993796096599835,0.9709773909294241,0.9716564155816493,555118425.0,1294.543798422769,0.8158174416272468,0.10429055661423706,10.174795203385408,0.1042905566142428,0.05079210917101253,0.704805793285056,0.8515901060070671
011_07_L_01.tiff,011_07_L_02.tiff,63,63,True,,,10.0,10.0,L,L,full,59293,61767,3.4683647675690064,10.89831391351193,0.5860868787161542,1.166867097812692,1.8960746316833517,3.1843932113812543,4.9891892779463,88.66025597696812,0.012302577482220661,19,-0.0007858345786036994,96.63601418672157,0.008633983236101815,25,-0.005272079170808622,49.024864935437776,0.0037819229765848963,15,-0.008745202904893052,158.26880273191495,0.0020106894186891038,24,0.00296706769468183,305.5800642591915,0.000681400984618776,17,-0.050966708454768174,386.2362695851841,0.0004345836505856328,12,-0.13521469966168503,720.7161815072317,0.00012744321340586026,6,-0.9090963216650441,443.07063479763116,0.0002859549561142034,9,-0.2802400887178485,310.51752674672315,0.0006174844876725832,14,-0.088303759923873,33.63950835420903,0.0030098680435102386,13,-0.035733835597757425,0.3088897508980824,0.3000955202616284,0.5372303644612348,0.524341476840384,0.73354358861923,0.726504444120647,0.9057730254836153,0.9084300678355757,0.9633008955525948,0.9690449592824647,489443174.9999999,943.1605930561454,0.8474631221566863,0.11706664025466339,15.020595277880277,0.11706664025466143,0.042631986908965636,0.6515816055289739,0.8863636363636364
009_12_L_01.tiff,009_12_L_03.tiff,53,53,True,,,10.0,10.0,L,L,full,67719,70349,2.4527131764263497,3.5885600719518993,0.4661084902296979,0.8562983126616294,1.5704583713503728,2.9858064169577787,5.47317616493068,48.48341866264329,0.014139688563111584,12,-0.07376742605715754,48.27345401619215,0.005946903945386587,13,-0.045096751618295634,45.268122295666544,0.004595923644548579,22,-0.0954443483910497,39.5243723502835,0.0019293260851300763,20,-0.1410997822780403,115.33724575876484,0.000677527357004668,19,-0.16947529540848572,161.98968078192792,0.00044428289824579795,16,-0.2921864432377669,773.100144037691,0.00011883627247106909,6,-1.3417920009864055,279.3903565005601,0.00027106917708228815,11,-0.43030559825330367,143.69075115586742,0.0005645136082716072,17,-0.2102537367530738,41.85833284189956,0.0029935966782681117,24,-0.10526533516336571,0.4326555324207386,0.41709192739058126,0.6253784019256043,0.6033348022004578,0.7590484206795729,0.7331873942771041,0.8846409427191778,0.8609788340985657,0.9822944816078205,0.9556639042488166,654216524.9999996,1148.8733784706503,0.8318776404891587,0.13684717542609856,14.098618307877768,0.1368471754261377,0.07695067824241998,0.6724480701994927,0.8745387453874539
008_03_R_03.tiff,008_03_R_04.tiff,38,38,True,,,10.0,10.0,R,R,full,79467,92615,3.5169327561446364,5.47809360521011,0.5930165857806907,1.098863622619414,2.0492981910052075,3.587101893900865,6.807060154792002,69.55304407794105,0.049090412147544046,6,-0.0032503047217282964,75.35618043584981,0.022288411307865616,14,-0.038483434901241974,66.41577604340112,0.010595262720688331,29,-0.18162426846625251,57.70165786599584,0.005906335296943683,29,-0.17183955922641073,203.44934986172868,0.001550375194278964,37,-0.39175211833796036,272.6947430674745,0.000825365992411543,33,-0.48969368320127,678.1165891719678,0.00011339690784132217,8,-2.9527099718634706,455.34498531030766,0.00034171241394667347,20,-0.8952851770991317,241.5760707152853,0.0010111749064802323,23,-0.43957930643546506,62.17670672296445,0.00689487829185691,25,-0.18072149059883433,0.30941145381101587,0.26254926307833504,0.5124768771943071,0.4374021486800194,0.6859199416109831,0.5931760513955623,0.8555752702379604,0.7615397073908114,0.936187348207432,0.880937213194407,507585150.0000002,1573.7782246573342,0.7758753669407811,0.07878516788014799,6.857935450605511,0.07878516788016017,0.04573828583237602,0.584045904590459,0.8841463414634146
021_04_R_01.tiff,021_04_R_03.tiff,120,120,True,,,9.5,9.5,R,R,full,36516,37882,4.774482903311392,10.307093864459054,0.6199981240308996,1.1160938912976301,2.1352603771424166,3.8741239526995117,7.546165815448415,67.04884791138878,0.011280242729095915,7,0.06750788974044565,38.94455873251395,0.00783092016730078,9,0.02354299891239979,37.68743872255408,0.004746350953105801,14,0.03645794377345096,27.4649098305251,0.002914735350687368,7,0.0017148386470319918,312.5439363456183,0.0009656477283989928,14,-0.11771647202517334,327.65896057690316,0.0005870490755448774,11,-0.24016498614225731,797.6695011152749,0.00021197748435337226,5,-1.0663611800364161,425.25081104660455,0.0005060427639668805,11,-0.272987782165599,226.26997112522054,0.0011926676436110285,17,-0.05921661182273892,51.63397856115254,0.005374294970056499,13,0.06074160503058619,0.2969930989155439,0.2856501768650018,0.4954814327965823,0.4835805923657674,0.6612170007667871,0.6539253471305634,0.8325665461715412,0.8416662267039755,0.9229105049841165,0.9473364658676944,219394350.00000003,661.9640658460963,0.8915278834462198,0.08560972800778421,16.210191208508153,0.0856097280077871,0.04478932584269663,0.5936165670367207,0.8786885245901639
025_07_R_02.tiff,025_07_R_03.tiff,135,135,True,,,8.0,8.0,R,R,full,14585,14419,17.720994493383404,34.597444351245784,1.9484786152051436,4.111184615829415,8.916624548729134,19.0589982743456,36.85320352788422,172.36047740978603,0.01893608151418953,15,-0.0016174859106960079,118.25981142962966,0.014608249609615475,16,-0.0018755476688932327,97.36198291236573,0.0069346662729606896,14,-0.08243019233801277,535.6029173114428,0.004791325911828707,12,-0.17473839222836313,675.5330102845751,0.0016461998947445088,8,-0.7328827249418509,866.6648773532055,0.0008931025029024088,7,-1.2554205362079374,1012.3184476430748,0.0006267862593328621,6,-2.243307908295882,652.433904564056,0.001680121472842985,10,-0.7504995373046391,524.3871246241399,0.004101769883364973,15,-0.20172130430869728,150.5398260819338,0.019448988173822693,16,0.01649547576622163,0.056496400411381556,0.057354878979124765,0.11004456633527597,0.10943893473888619,0.18196777511141585,0.17608710728899368,0.3166266712375729,0.31396074623760317,0.5448063078505314,0.5482349677508842,22303574.99999999,274.29261646859766,0.9379411839954556,0.02161782254049645,10.98519386854885,0.021617822540494096,0.007107023411371237,0.20930634838263276,0.7850877192982456
026_12_R_01.tiff,026_12_R_05.tiff,148,148,True,,,8.0,8.0,R,R,full,26162,27044,3.35908943742547,6.479408864297485,0.6327503037519646,1.1362157548663514,2.0990580563448065,3.646597466334799,6.397858990897143,50.922807582251124,0.01480512280842381,7,-0.10907553567451954,58.72877544103913,0.010619584782378648,11,-0.07379576554436768,51.72764299746694,0.004911845985269429,16,-0.06879158731512425,61.48966207589708,0.0031213949244994228,16,-0.13215578383408585,235.6667943914553,0.0010861888514136042,11,-0.34837109152146734,339.1369948612237,0.0006746374832008908,9,-0.7662466142408413,693.6936054366603,0.00029836517286499763,6,-1.2662967999916417,303.0405112895487,0.0007269882891943267,9,-0.6435445423395197,84.22520514557833,0.0017276100085105387,11,-0.22416572612989835,63.949794673635246,0.010367998501818361,11,-0.05080694230126555,0.29344086843513495,0.28157816890992454,0.5003440103967587,0.4817704481585564,0.6791529699564254,0.6494231622541045,0.8534897943582295,0.8090519153971306,0.9516856509441174,0.8907336192870877,158530949.99999997,495.28516583488636,0.9094345309862187,0.0878393433845675,21.86562836292214,0.08783934338455285,0.043790464979399646,0.5803197064989518,0.8056872037914692
012_07_L_02.tiff,012_07_L_04.tiff,70,70,True,,,7.5,7.5,L,L,full,40411,35378,5.057161474772511,9.778298905440835,0.7239355815248211,1.3484949282068435,2.584851146880621,4.725006464476959,8.906785319918955,44.78444378839728,0.011593751079788777,6,0.05094701902090329,94.68280748890946,0.009113447225723255,18,0.035058902151654574,39.87969118698594,0.003767343176062133,10,-0.011276122644723946,35.20920941063273,0.0023658565021328925,16,-0.008525207232540489,464.9424437696432,0.0009150311976002111,10,-0.0677017659001006,564.13640816345,0.0005726896635191269,11,-0.1602068636897139,809.5699974821754,0.00018893799157565267,5,-0.3558683180958312,574.5532889479814,0.00047258542934039156,11,-0.24161902291427675,264.89616949954814,0.0010240032605319132,16,-0.038691026580283075,49.64461293785279,0.00620113016985368,16,0.015185646201299967,0.23815297814951375,0.26544745321951496,0.41575313652223406,0.460059924246707,0.5788770384301304,0.6341794335462717,0.777610056667739,0.8330035615354174,0.9144292395634852,0.9537000395726157,192018824.9999999,676.5819207145348,0.8814413216381248,0.07294299828410863,13.883594453267513,0.07294299828411206,0.03729626078619367,0.5383900353225507,0.9173789173789174
007_02_L_03.tiff,007_02_L_05.tiff,31,31,True,,,11.5,11.5,L,L,full,32033,33884,5.701460249479118,10.452455655816026,0.8132586712983834,1.5337580855721475,2.9319231832484633,5.94368820169546,11.361998951752538,151.6894052669408,0.021226112472618932,14,-0.03544540071663786,136.68540134416176,0.01577705060746887,19,-0.06939083371420328,69.5454713342574,0.006209515058833175,19,-0.09295571811825439,54.370737683520716,0.004212789600128862,25,-0.12128487367166965,316.18586101161605,0.0013026289552964068,12,-0.4056338266189668,497.53475402912653,0.000709502672998651,11,-0.6826068095452038,940.4454625453874,0.00025647807924748724,6,-2.119831572494175,492.6439877220238,0.0006880019147641951,11,-0.7572405372043113,321.4501271511584,0.0018190331337609087,15,-0.29321002117994244,97.4389680426656,0.008152769324921243,30,-0.12118078230343175,0.1948303312209284,0.1822689174831779,0.3625323884743858,0.34045567229370793,0.5229606967814442,0.48987722819029633,0.7070208847126401,0.6584228544445756,0.8803733649673774,0.8125073781135639,141039225.0,636.0785605446362,0.8673173841145809,0.06092240469466645,12.57984427432539,0.060922404694675476,0.02818637008844312,0.4007127465605835,0.8787878787878788
011_01_R_02.tiff,011_01_R_05.tiff,57,57,True,,,11.5,11.5,R,R,full,92658,95004,2.914274706442405,6.721522797899118,0.545982136830883,0.9214961891616242,1.5776982448287011,2.8028297302532708,4.685472244279216,54.16023450154757,0.01146442454702806,6,0.041414733126335104,47.914289564795894,0.00585270396654781,18,0.020958012856423857,41.17651114561841,0.004094106434495731,20,-0.009139903602718406,39.63433853928811,0.002223567068721383,29,-0.018613704212916565,97.69025385698032,0.0006847601368475107,16,-0.11839757031451233,199.05731168462677,0.00041258127961271636,16,-0.17042253975566274,682.4811046232227,8.26561952933711e-05,6,-1.1454001576433057,314.3738139071596,0.00019535744025297067,9,-0.38231187037690106,197.7473148257216,0.0004454269206021974,15,-0.16515377783789975,41.41780538024837,0.0023141032865830664,20,-0.010877904217617158,0.38183427227006844,0.3688686792135068,0.6225690172462173,0.6003115658288072,0.7817349824084266,0.7527051492568734,0.9139415916596516,0.8834049092669782,0.9695223294264931,0.9508862784724854,651420449.9999999,1652.5818391655393,0.7313500583567782,0.0938864702232431,7.506179440506264,0.09388647022325328,0.05639432116278808,0.6900897790055248,0.9252577319587629
020_11_L_01.tiff,020_11_L_05.tiff,108,108,True,,,10.0,10.0,L,L,full,45736,48063,2.858885710428388,5.277341782085266,0.5070057339693383,0.9308912303616557,1.7125623558341094,2.9873747768162424,4.884272361462176,148.61747855723988,0.009884914721541196,22,-0.005594235562709931,111.56866720841523,0.009970390294987027,19,-0.09632143344241982,39.83763371470267,0.004909856459948909,9,-0.11585569860051857,47.910228149788715,0.002762880634891701,16,-0.16728374704941423,301.24935717657075,0.0009967643783145349,10,-0.2999741908874201,359.06472037182397,0.0005680934596037172,12,-0.5461978081183997,916.8437518020685,0.00017283563256179982,6,-1.3410255291154827,488.8511694013945,0.0004433200892804619,10,-0.716391933403189,222.320551614061,0.0009929788195654037,12,-0.26980602773393114,43.33569840648871,0.005178798122571127,12,-0.10182574619863599,0.38486094105299984,0.36395980275887896,0.601582998075914,0.5773255934918753,0.766748294560084,0.7376360193912157,0.9088245583347909,0.8798243971454133,0.9669407031659961,0.9404323492083307,410632875.0,772.5862262038074,0.8923848325129674,0.1287145407128726,19.626156917472272,0.12871454071284616,0.06466515323496028,0.6515044068483437,0.8644986449864499
013_01_L_03.tiff,013_01_L_05.tiff,74,74,True,,,7.0,7.0,L,L,full,34369,33439,3.578822371909192,5.409829867591542,0.7153723151854826,1.30346098911655,2.330312641788849,3.8082804207965157,6.231360451851605,42.579191912334565,0.007582905464899804,9,-0.042985040138746086,26.374545889058552,0.004741760577932687,6,-0.050847217709217726,29.58147936688244,0.0031146277043986965,9,-0.057579672311157126,33.42811825497714,0.0023054469481611937,14,-0.08431343873244355,177.98068548826845,0.0008390991527684778,9,-0.14814362685723756,272.5002568452595,0.0005763161682773672,10,-0.294435903576205,669.9301053644673,0.00021970648344881292,5,-0.7181666360995759,298.3312434195531,0.0005319192363702198,10,-0.3323302533899576,200.70042980846688,0.0010556503015739641,10,-0.13547407518363522,31.36892620087158,0.0038549818041655652,11,-0.054079703234919,0.24952719020047134,0.2521905559376776,0.45299543192993685,0.45913454349711413,0.6462509819895836,0.652980053231257,0.855887573103669,0.8548401567032506,0.9494311734411824,0.9460211130715631,171340874.9999999,646.1857631191269,0.8853255399844132,0.07273862188240877,14.42991157796969,0.0727386218824191,0.03610996500557771,0.5520571371089428,0.9239766081871345
017_06_L_01.tiff,017_06_L_03.tiff,90,90,True,,,5.5,5.5,L,L,full,17882,19208,8.957729219963527,20.920846483497563,1.0313394127776636,2.1197845405582587,4.076782904393457,7.0451040196797745,13.585174796329332,90.36770513335632,0.013133929372043817,18,0.10108436160631491,61.82492615992492,0.01017787827625469,13,0.05340904860376595,58.253186375045054,0.006794363192219242,13,0.0078962292554919,98.46377580797007,0.00402543099536098,17,-0.05322893844374471,458.02938773530167,0.0013649914601233228,16,-0.37987893430542713,540.8428772108633,0.0007655782544645326,10,-0.8030441569102673,764.2055604073669,0.00046429361827730073,5,-1.953936230705762,414.95033198067347,0.001132508356989753,10,-0.3665416103851998,269.8153669485708,0.0026418338253415036,13,-0.06345064722532813,58.65223468375793,0.012654757434612947,8,0.031274150030593674,0.1391902471759311,0.1269262807163682,0.24840621854378706,0.22881091211995003,0.37814562129515716,0.35016659725114535,0.6099988815568729,0.5740316534777176,0.8488424113633821,0.8164827155351937,55921500.00000002,445.2051438055667,0.9152117000838611,0.042971292851959116,12.934980930244796,0.042971292851957485,0.0188446007197209,0.3661084397280716,0.8663594470046083
021_06_L_01.tiff,021_06_L_05.tiff,122,122,True,,,9.0,9.0,L,L,full,19252,19989,4.702768772375735,14.368919776617517,0.6678442168590595,1.1842817359641866,2.2250045596280623,3.8903796474752177,7.3338000324257715,55.181976297373,0.008167686274361109,8,-0.008988300810992016,50.37321527273398,0.00639810413347089,13,-0.04274240115243345,94.01221448970443,0.0037870224571774505,6,-0.11005032641277727,75.64030728707756,0.0031937068265005426,12,-0.19618213212454963,283.7205522399921,0.001139645148979268,9,-0.30684146048910876,505.85489340541756,0.000721516841716946,8,-0.6023041346608201,810.7449536467395,0.00040803936783865105,5,-1.347755372279442,403.91417067506063,0.0009578390934064193,8,-0.3980459285968226,62.651817984103516,0.002120432596482992,12,-0.2611890660565876,33.10202329707149,0.004740998487383805,6,-0.0508054651304792,0.27514024516933305,0.2639451698434139,0.4816642426760856,0.46175396468057434,0.6509453563266154,0.6243934163790085,0.8328485352171203,0.8009405172845064,0.9337211718263038,0.9107008854870179,120166199.99999994,361.7401048227348,0.9359682916610396,0.09141900876078723,30.684304490418242,0.0914190087607912,0.03949878139239165,0.5141728225390826,0.856687898089172
